{"dones": 0.020751953125, "avg_reward": 0.01420946873815028, "Episode/avg_reward_scaled": 0.014209468849003315, "Episode/avg_reward_raw": 1.4209468364715576, "Policy/action_saturation_rate": 0.0, "Episode/alignment_reward": 0.0028311491914791986, "Episode/energy_penalty": -0.016362847352866083, "Episode/cmd_neg_rate": 0.16779263224452734, "Episode/boundary_penalty": 0.0, "Episode/velocity_error": 0.4886310677975416, "Episode/collision_reward": -0.0581546938046813, "Episode/angular_vel_variation_penalty": -0.0008929730538511649, "Episode/distance_reward": 0.02337545668706298, "Episode/boundary_dist": -3.6858272552490234, "Episode/speed_reward": 9.831635475165967e-05, "Episode/u_mean": 0.12044095294550061, "Episode/normed_linear_vel": 0.4886310677975416, "Episode/normed_angular_vel": 0.21328737353906035, "Episode/thruster_force_neg_rate": 0.0, "Episode/potential_shaping_reward": 0.0, "Episode/goal_reward": 0.39157821610569954, "Episode/heading_improve_reward": 0.0006747239021933638, "Episode/position_error": 1.89578390493989, "Episode/total_reward": 0.3514412781223655, "Episode/u_low_rate": 8.994477775559062e-05, "Episode/angular_reward": 0.004141412035096437, "Episode/turn_hazard_penalty": 0.0, "Episode/actions_sum": -0.0763973199063912, "Episode/velocity_reward": 9.831635475165967e-05, "Episode/turn_in_place_bonus": 1.2930386333209754e-05, "_timestamp": 1772790715.4910824, "_runtime": 5222.0015823841095, "_step": 4582, "global_step": 12509184, "Loss/value_function": 0.032130446285009384, "Loss/surrogate": -0.00019688473548740149, "Policy/mean_noise_std": 0.1215638816356659, "rewards/iter": 71.52490997314453, "rewards/step": 59.333045959472656, "rewards/time": 59.333045959472656, "shaped_rewards/iter": 0.593330442905426, "shaped_rewards/step": 0.593330442905426, "shaped_rewards/time": 0.593330442905426, "episode_lengths/iter": 54.599998474121094, "episode_lengths/step": 54.599998474121094, "episode_lengths/time": 54.599998474121094, "Diagnostics/done_episodes_in_update": 171.0, "Diagnostics/episode_window_size": 100.0}