{"dones": 0.028564453125, "avg_reward": 0.021348176100176308, "Episode/avg_reward_scaled": 0.021348176524043083, "Episode/avg_reward_raw": 2.134817600250244, "Policy/action_saturation_rate": 0.0, "Episode/distance_reward": 0.025840431451797485, "Episode/thruster_force_neg_rate": 0.0, "Episode/angular_vel_penalty": -0.0012865060707554221, "Episode/goal_reward": 0.41490745544433594, "Episode/u_mean": 0.10474156588315964, "Episode/normed_angular_vel": 0.12569890916347504, "Episode/u_low_rate": 5.208333277550992e-06, "Episode/speed_reward": 0.004945067688822746, "Episode/collision_reward": -0.05768060311675072, "Episode/angular_vel_variation_penalty": -5.8352015912532806e-05, "Episode/position_error": 1.3505781888961792, "Episode/potential_shaping_reward": 0.0, "Episode/cmd_neg_rate": 0.06498941034078598, "Episode/turn_hazard_penalty": 0.0, "Episode/energy_penalty": -0.00996462907642126, "Episode/normed_linear_vel": 0.3583504557609558, "Episode/total_reward": 0.3790024220943451, "Episode/boundary_penalty": -0.0008394739124923944, "_timestamp": 1773054737.404627, "_runtime": 21750.327678203583, "_step": 9001, "global_step": 49152000, "Loss/value_function": 0.03902741149067879, "Loss/surrogate": -0.0009758907835930586, "Policy/mean_noise_std": 0.12537534534931183, "rewards/iter": 78.86705017089844, "rewards/step": 76.26644134521484, "rewards/time": 76.26644134521484, "shaped_rewards/iter": 0.7626644372940063, "shaped_rewards/step": 0.7626644372940063, "shaped_rewards/time": 0.7626644372940063, "episode_lengths/iter": 34.7400016784668, "episode_lengths/step": 34.7400016784668, "episode_lengths/time": 34.7400016784668, "Diagnostics/done_episodes_in_update": 479.0, "Diagnostics/episode_window_size": 100.0}