{"shaped_rewards/iter":-0.35093873739242554,"Episode/velocity_error":1.2003298997879028,"Episode/goal_reward":0,"_step":3358720,"Episode/boundary_dist":-12.312188148498535,"Episode/thruster_force_neg_rate":0,"Diagnostics/done_episodes_in_update":16,"_wandb":{"runtime":1081},"Episode/angular_reward":0.010121670551598072,"Episode/boundary_penalty":0,"Episode/speed_reward":0.0009502418688498437,"shaped_rewards/time":-0.35093873739242554,"episode_lengths/time":153.61000061035156,"shaped_rewards/step":-0.2736941874027252,"Episode/collision_reward":0,"Policy/mean_noise_std":0.2834583520889282,"Episode/potential_shaping_reward":-0.026368536055088043,"episode_lengths/iter":153.61000061035156,"Episode/heading_improve_reward":-0.00014091852062847465,"Episode/total_reward":-0.10149356722831726,"Episode/turn_hazard_penalty":-0.0539872869849205,"_runtime":1081.22380484,"Episode/actions_sum":-0.28350743651390076,"Episode/normed_angular_vel":0.8106390833854675,"Episode/turn_in_place_bonus":0,"Episode/u_low_rate":0.4975000023841858,"Loss/surrogate":0.033011045306921005,"Episode/velocity_reward":0.0009502418688498437,"Episode/distance_reward":-0.011400341987609863,"Diagnostics/episode_window_size":100,"Episode/avg_reward_scaled":-0.001208717585541308,"Episode/angular_vel_variation_penalty":-0.0017329698894172907,"Episode/u_mean":0.21211721003055573,"Episode/normed_linear_vel":1.2003298997879028,"rewards/time":-35.093875885009766,"_timestamp":1.7727800876842358e+09,"Episode/alignment_reward":0,"Episode/position_error":7.587810039520264,"Episode/avg_reward_raw":-0.12087175995111465,"rewards/iter":-35.093875885009766,"Policy/action_saturation_rate":0.000732421875,"Episode/energy_penalty":-0.05399234965443611,"rewards/step":-27.369421005249023,"Episode/cmd_neg_rate":0.8149999976158142,"Loss/value_function":0.006647722329944372,"episode_lengths/step":162.05999755859375}